Brand;Model;Price;Dealership
Nissan;Murano;10745554;Top auto
Nissan;X-Trail;7400204;Top auto
Nissan;Teana;18969753;Top auto
Nissan;Skyline;18809028;Top auto
Ford;Focus;7127401;Top auto
Ford;Mondeo;19210554;Top auto
Toyota;Corolla;17160571;Top auto
Toyota;Land Cruiser;12838030;Top auto
Toyota;RAV4;9998464;Top auto
Toyota;Prius;5956019;Top auto
Toyota;Mark II;17208897;Top auto
Audi;Q7;15265201;Top auto
Audi;A4;14449109;Top auto
Audi;A5;3094231;Top auto
Audi;A6;19017598;Top auto
Audi;A7;15283796;Top auto
Audi;A8;1946425;Top auto
Audi;Q5;6157657;Top auto
Land Rover;Sport;5892049;Top auto
Land Rover;Evoque;12622015;Top auto
Land Rover;Range Rover;3769536;Top auto
Kia;Ceed;6694658;Top auto
Kia;Cerato;19223021;Top auto
Kia;K5;7564412;Top auto
Kia;Optima;16819455;Top auto
Kia;Rio;7804829;Top auto
Kia;Sportage;4921666;Top auto
